"hh_id","hh_size_group"
"HH1001","(4,20]"
"HH1002","(3,4]"
"HH1003","(4,20]"
"HH1004","(3,4]"
"HH1005","(3,4]"
"HH1006","(4,20]"
"HH1007","(4,20]"
"HH1008","(3,4]"
"HH1009","(0,1]"
"HH1010","(4,20]"
"HH1011","(3,4]"
"HH1012","(3,4]"
"HH1013","(3,4]"
"HH1014","(3,4]"
"HH1015","(4,20]"
"HH1016","(2,3]"
"HH1017","(3,4]"
"HH1018","(3,4]"
"HH1019","(3,4]"
"HH1020","(2,3]"
"HH1021","(3,4]"
"HH1022","(4,20]"
"HH1023","(2,3]"
"HH1024","(2,3]"
"HH1025","(3,4]"
"HH1026","(4,20]"
"HH1027","(3,4]"
"HH1028","(1,2]"
"HH1029","(4,20]"
"HH1030","(2,3]"
"HH1031","(2,3]"
"HH1032","(4,20]"
"HH1033","(3,4]"
"HH1034","(4,20]"
"HH1035","(4,20]"
"HH1036","(4,20]"
"HH1037","(1,2]"
"HH1038","(4,20]"
"HH1039","(4,20]"
"HH1040","(3,4]"
"HH1041","(4,20]"
"HH1042","(4,20]"
"HH1043","(3,4]"
"HH1044","(2,3]"
"HH1045","(3,4]"
"HH1046","(4,20]"
"HH1047","(2,3]"
"HH1048","(3,4]"
"HH1049","(4,20]"
"HH1050","(4,20]"
"HH1051","(3,4]"
"HH1052","(2,3]"
"HH1053","(3,4]"
"HH1054","(2,3]"
"HH1055","(4,20]"
"HH1056","(2,3]"
"HH1057","(2,3]"
"HH1058","(3,4]"
"HH1059","(4,20]"
"HH1060","(2,3]"
"HH1061","(3,4]"
"HH1062","(3,4]"
"HH1063","(3,4]"
"HH1064","(2,3]"
"HH1065","(1,2]"
"HH1066","(1,2]"
"HH1067","(1,2]"
"HH1068","(1,2]"
"HH1069","(2,3]"
"HH1070","(1,2]"
"HH1071","(2,3]"
"HH1072","(4,20]"
"HH1073","(2,3]"
"HH1074","(2,3]"
"HH1075","(4,20]"
"HH1076","(2,3]"
"HH1077","(1,2]"
"HH1078","(3,4]"
"HH1079","(2,3]"
"HH1080","(3,4]"
"HH1081","(3,4]"
"HH1082","(1,2]"
"HH1083","(2,3]"
"HH1084","(4,20]"
"HH1085","(2,3]"
"HH1086","(0,1]"
"HH1087","(4,20]"
"HH1088","(3,4]"
"HH1089","(4,20]"
"HH1090","(2,3]"
"HH1091","(3,4]"
"HH1092","(0,1]"
"HH1093","(3,4]"
"HH1094","(3,4]"
"HH1095","(2,3]"
"HH1096","(2,3]"
"HH1097","(3,4]"
"HH1098","(3,4]"
"HH1099","(3,4]"
"HH1100","(4,20]"
"HH1101","(2,3]"
"HH1102","(2,3]"
"HH1103","(3,4]"
"HH1104","(1,2]"
"HH1105","(3,4]"
"HH1106","(3,4]"
"HH1107","(4,20]"
"HH1108","(3,4]"
"HH1109","(3,4]"
"HH1110","(1,2]"
"HH1111","(4,20]"
"HH1112","(4,20]"
"HH1113","(2,3]"
"HH1114","(2,3]"
"HH1115","(2,3]"
"HH1116","(4,20]"
"HH1117","(2,3]"
"HH1118","(3,4]"
"HH1119","(1,2]"
"HH1120","(0,1]"
"HH1121","(3,4]"
"HH1122","(4,20]"
"HH1123","(3,4]"
"HH1124","(3,4]"
"HH1125","(2,3]"
"HH1126","(4,20]"
"HH1127","(4,20]"
"HH1128","(1,2]"
"HH1129","(2,3]"
"HH1130","(3,4]"
"HH1131","(2,3]"
"HH1132","(1,2]"
"HH1133","(3,4]"
"HH1134","(2,3]"
"HH1135","(3,4]"
"HH1136","(4,20]"
"HH1137","(3,4]"
"HH1138","(2,3]"
"HH1139","(4,20]"
"HH1140","(3,4]"
"HH1141","(2,3]"
"HH1142","(2,3]"
"HH1143","(2,3]"
"HH1144","(2,3]"
"HH1145","(2,3]"
"HH1146","(3,4]"
"HH1147","(2,3]"
"HH1148","(3,4]"
"HH1149","(4,20]"
"HH1150","(2,3]"
"HH1151","(3,4]"
"HH1152","(3,4]"
"HH1153","(3,4]"
"HH1154","(2,3]"
"HH1155","(2,3]"
"HH1156","(2,3]"
"HH1157","(2,3]"
"HH1158","(2,3]"
"HH1159","(1,2]"
"HH1160","(4,20]"
"HH1161","(3,4]"
"HH1162","(4,20]"
"HH1163","(2,3]"
"HH1164","(3,4]"
"HH1165","(2,3]"
"HH1166","(1,2]"
"HH1167","(2,3]"
"HH1168","(2,3]"
"HH1169","(2,3]"
"HH1170","(2,3]"
"HH1171","(3,4]"
"HH1172","(2,3]"
"HH1173","(0,1]"
"HH1174","(1,2]"
"HH1175","(2,3]"
"HH1176","(4,20]"
"HH1177","(4,20]"
"HH1178","(3,4]"
"HH1179","(3,4]"
"HH1180","(3,4]"
"HH1181","(2,3]"
"HH1182","(4,20]"
"HH1183","(2,3]"
"HH1184","(2,3]"
"HH1185","(4,20]"
"HH1186","(2,3]"
"HH1187","(4,20]"
"HH1188","(1,2]"
"HH1189","(4,20]"
"HH1190","(3,4]"
"HH1191","(4,20]"
"HH1192","(0,1]"
"HH1193","(2,3]"
"HH1194","(2,3]"
"HH1195","(2,3]"
"HH1196","(4,20]"
"HH1197","(2,3]"
"HH1198","(4,20]"
"HH1199","(3,4]"
"HH1200","(4,20]"
"HH1201","(1,2]"
"HH1202","(1,2]"
"HH1203","(4,20]"
"HH1204","(1,2]"
"HH1205","(2,3]"
"HH1206","(3,4]"
"HH1207","(1,2]"
"HH1208","(4,20]"
"HH1209","(1,2]"
"HH1210","(3,4]"
"HH1211","(3,4]"
"HH1212","(3,4]"
"HH1213","(4,20]"
"HH1214","(4,20]"
"HH1215","(2,3]"
"HH1216","(1,2]"
"HH1217","(2,3]"
"HH1218","(2,3]"
"HH1219","(2,3]"
"HH1220","(0,1]"
"HH1221","(3,4]"
"HH1222","(3,4]"
"HH1223","(1,2]"
"HH1224","(2,3]"
"HH1225","(2,3]"
"HH1226","(2,3]"
"HH1227","(2,3]"
"HH1228","(0,1]"
"HH1229","(1,2]"
"HH1230","(4,20]"
"HH1231","(3,4]"
"HH1232","(2,3]"
"HH1233","(0,1]"
"HH1234","(2,3]"
"HH1235","(4,20]"
"HH1236","(2,3]"
"HH1237","(2,3]"
"HH1238","(0,1]"
"HH1239","(0,1]"
"HH1240","(1,2]"
"HH1241","(4,20]"
"HH1242","(3,4]"
"HH1243","(0,1]"
"HH1244","(1,2]"
"HH1245","(3,4]"
"HH1246","(2,3]"
"HH1247","(1,2]"
"HH1248","(1,2]"
"HH1249","(2,3]"
"HH1250","(2,3]"
"HH1251","(3,4]"
"HH1252","(2,3]"
"HH1253","(2,3]"
"HH1254","(2,3]"
"HH1255","(2,3]"
"HH1256","(2,3]"
"HH1257","(2,3]"
"HH1258","(2,3]"
"HH1259","(0,1]"
"HH1260","(1,2]"
"HH1261","(1,2]"
"HH1262","(2,3]"
"HH1263","(0,1]"
"HH1265","(3,4]"
"HH1266","(2,3]"
"HH1267","(2,3]"
"HH1268","(2,3]"
"HH1269","(2,3]"
"HH1270","(1,2]"
"HH1271","(3,4]"
"HH1272","(2,3]"
"HH1273","(3,4]"
"HH1274","(4,20]"
"HH1275","(2,3]"
"HH1276","(4,20]"
"HH1277","(4,20]"
"HH1278","(1,2]"
"HH1279","(0,1]"
"HH1280","(2,3]"
"HH1281","(1,2]"
"HH1282","(1,2]"
"HH1283","(1,2]"
"HH1284","(2,3]"
"HH1285","(3,4]"
"HH1286","(4,20]"
"HH1287","(3,4]"
"HH1288","(0,1]"
"HH1289","(2,3]"
"HH1290","(2,3]"
"HH1291","(1,2]"
"HH1292","(3,4]"
"HH1293","(2,3]"
"HH1294","(4,20]"
"HH1295","(2,3]"
"HH1296","(2,3]"
"HH1297","(2,3]"
"HH1298","(2,3]"
"HH1299","(2,3]"
"HH1300","(2,3]"
"HH1301","(2,3]"
"HH1302","(2,3]"
"HH1303","(4,20]"
"HH1304","(2,3]"
"HH1305","(0,1]"
"HH1306","(4,20]"
"HH1307","(2,3]"
"HH1308","(2,3]"
"HH1309","(3,4]"
"HH1310","(3,4]"
"HH1311","(2,3]"
"HH1312","(1,2]"
"HH1313","(2,3]"
"HH1314","(2,3]"
"HH1315","(3,4]"
"HH1316","(4,20]"
"HH1317","(2,3]"
"HH1318","(2,3]"
"HH1319","(2,3]"
"HH1320","(1,2]"
"HH1321","(1,2]"
"HH1322","(2,3]"
"HH1323","(2,3]"
"HH1324","(2,3]"
"HH1325","(2,3]"
"HH1326","(2,3]"
"HH1327","(4,20]"
"HH1328","(2,3]"
"HH1329","(2,3]"
"HH1330","(3,4]"
"HH1331","(4,20]"
"HH1332","(2,3]"
"HH1333","(3,4]"
"HH1334","(3,4]"
"HH1335","(2,3]"
"HH1336","(1,2]"
"HH1337","(2,3]"
"HH1338","(2,3]"
"HH1339","(1,2]"
"HH1340","(1,2]"
"HH1341","(2,3]"
"HH1342","(4,20]"
"HH1343","(3,4]"
"HH1344","(0,1]"
"HH1345","(2,3]"
"HH1346","(2,3]"
"HH1347","(2,3]"
"HH1348","(1,2]"
"HH1349","(3,4]"
"HH1350","(2,3]"
"HH1351","(2,3]"
"HH1352","(2,3]"
"HH1353","(2,3]"
"HH1354","(2,3]"
"HH1355","(2,3]"
"HH1356","(2,3]"
"HH1357","(3,4]"
"HH1358","(3,4]"
"HH1359","(1,2]"
"HH1360","(2,3]"
"HH1361","(3,4]"
"HH1362","(4,20]"
"HH1363","(1,2]"
"HH1364","(1,2]"
"HH1365","(4,20]"
"HH1366","(2,3]"
"HH1367","(4,20]"
"HH1368","(2,3]"
"HH1369","(2,3]"
"HH1370","(2,3]"
"HH1371","(3,4]"
"HH1372","(2,3]"
"HH1373","(2,3]"
"HH1374","(4,20]"
"HH1375","(1,2]"
"HH1376","(2,3]"
"HH1377","(2,3]"
"HH1378","(2,3]"
"HH1379","(2,3]"
"HH1380","(4,20]"
"HH1381","(4,20]"
"HH1382","(2,3]"
"HH1383","(2,3]"
"HH1384","(3,4]"
"HH1385","(3,4]"
"HH1386","(3,4]"
"HH1387","(4,20]"
"HH1388","(2,3]"
"HH1389","(2,3]"
"HH1390","(3,4]"
"HH1391","(1,2]"
"HH1392","(4,20]"
"HH1393","(2,3]"
"HH1394","(2,3]"
"HH1395","(1,2]"
"HH1396","(1,2]"
"HH1397","(2,3]"
"HH1398","(0,1]"
"HH1399","(4,20]"
"HH1400","(2,3]"
"HH1401","(2,3]"
"HH1402","(2,3]"
"HH1403","(2,3]"
"HH1404","(2,3]"
"HH1405","(2,3]"
"HH1406","(2,3]"
"HH1407","(3,4]"
"HH1408","(2,3]"
"HH1409","(1,2]"
"HH1410","(1,2]"
"HH1411","(2,3]"
"HH1412","(2,3]"
"HH1413","(0,1]"
"HH1414","(2,3]"
"HH1415","(1,2]"
"HH1416","(2,3]"
"HH1417","(4,20]"
"HH1418","(0,1]"
"HH1419","(2,3]"
"HH1420","(0,1]"
"HH1421","(3,4]"
"HH1422","(2,3]"
"HH1423","(0,1]"
"HH1424","(1,2]"
"HH1425","(3,4]"
"HH1426","(4,20]"
"HH1427","(2,3]"
"HH1428","(3,4]"
"HH1429","(4,20]"
"HH1430","(3,4]"
"HH1431","(3,4]"
"HH1432","(2,3]"
"HH1433","(3,4]"
"HH1434","(2,3]"
"HH1435","(2,3]"
"HH1436","(0,1]"
"HH1437","(3,4]"
"HH1438","(2,3]"
"HH1439","(2,3]"
"HH1440","(2,3]"
"HH1441","(2,3]"
"HH1442","(2,3]"
"HH1443","(2,3]"
"HH1444","(2,3]"
"HH1445","(2,3]"
"HH1446","(2,3]"
"HH1447","(2,3]"
"HH1448","(2,3]"
"HH1449","(3,4]"
"HH1450","(2,3]"
"HH1451","(1,2]"
"HH1452","(1,2]"
"HH1453","(3,4]"
"HH1454","(2,3]"
"HH1455","(2,3]"
"HH1456","(3,4]"
"HH1457","(2,3]"
"HH1458","(0,1]"
"HH1459","(2,3]"
"HH1460","(0,1]"
"HH1461","(2,3]"
"HH1462","(0,1]"
"HH1463","(2,3]"
"HH1464","(2,3]"
"HH1465","(2,3]"
"HH1466","(0,1]"
"HH1467","(0,1]"
"HH1468","(3,4]"
"HH1469","(2,3]"
"HH1470","(1,2]"
"HH1471","(2,3]"
"HH1472","(2,3]"
"HH1473","(3,4]"
"HH1474","(1,2]"
"HH1475","(0,1]"
"HH1476","(2,3]"
"HH1477","(0,1]"
"HH1478","(0,1]"
"HH1479","(3,4]"
"HH1480","(2,3]"
"HH1481","(0,1]"
"HH1482","(3,4]"
"HH1483","(2,3]"
"HH1484","(4,20]"
"HH1485","(3,4]"
"HH1486","(1,2]"
"HH1487","(4,20]"
"HH1488","(2,3]"
"HH1489","(1,2]"
"HH1490","(2,3]"
"HH1491","(3,4]"
"HH1492","(0,1]"
"HH1493","(2,3]"
"HH1494","(2,3]"
"HH1495","(1,2]"
"HH1496","(2,3]"
"HH1497","(0,1]"
"HH1498","(0,1]"
"HH1499","(2,3]"
"HH1500","(2,3]"
"HH1501","(2,3]"
"HH1502","(2,3]"
"HH1503","(2,3]"
"HH1504","(0,1]"
"HH1505","(3,4]"
"HH1506","(2,3]"
"HH1507","(1,2]"
"HH1508","(3,4]"
"HH1509","(4,20]"
"HH1510","(2,3]"
"HH1511","(1,2]"
"HH1512","(3,4]"
"HH1513","(0,1]"
"HH1514","(2,3]"
"HH1515","(4,20]"
"HH1516","(2,3]"
"HH1517","(1,2]"
"HH1518","(1,2]"
"HH1519","(1,2]"
"HH1520","(4,20]"
"HH1521","(1,2]"
"HH1522","(2,3]"
"HH1523","(0,1]"
"HH1524","(1,2]"
"HH1525","(1,2]"
"HH1526","(2,3]"
"HH1527","(0,1]"
"HH1528","(3,4]"
"HH1529","(3,4]"
"HH1530","(3,4]"
"HH1531","(4,20]"
"HH1532","(0,1]"
"HH1533","(2,3]"
"HH1534","(1,2]"
"HH1535","(1,2]"
"HH1536","(2,3]"
"HH1537","(0,1]"
"HH1538","(3,4]"
"HH1539","(0,1]"
"HH1540","(1,2]"
"HH1541","(2,3]"
"HH1542","(4,20]"
"HH1543","(4,20]"
"HH1544","(2,3]"
"HH1545","(0,1]"
"HH1546","(4,20]"
"HH1547","(4,20]"
"HH1548","(0,1]"
"HH1549","(3,4]"
"HH1550","(2,3]"
"HH1551","(2,3]"
"HH1552","(2,3]"
"HH1553","(3,4]"
"HH1554","(2,3]"
"HH1555","(2,3]"
"HH1556","(2,3]"
"HH1557","(4,20]"
"HH1558","(3,4]"
"HH1559","(2,3]"
"HH1560","(2,3]"
"HH1561","(1,2]"
"HH1562","(2,3]"
"HH1563","(3,4]"
"HH1564","(3,4]"
"HH1565","(4,20]"
"HH1566","(2,3]"
"HH1567","(3,4]"
"HH1568","(2,3]"
"HH1569","(3,4]"
"HH1570","(2,3]"
"HH1571","(2,3]"
"HH1572","(3,4]"
"HH1573","(2,3]"
"HH1574","(2,3]"
"HH1575","(2,3]"
"HH1576","(3,4]"
"HH1577","(3,4]"
"HH1578","(2,3]"
"HH1579","(2,3]"
"HH1580","(2,3]"
"HH1581","(2,3]"
"HH1582","(2,3]"
"HH1583","(2,3]"
"HH1584","(2,3]"
"HH1585","(3,4]"
"HH1586","(3,4]"
"HH1587","(3,4]"
"HH1588","(2,3]"
"HH1589","(3,4]"
"HH1590","(2,3]"
"HH1591","(2,3]"
"HH1592","(4,20]"
"HH1593","(2,3]"
"HH1594","(1,2]"
"HH1595","(2,3]"
"HH1596","(2,3]"
"HH1597","(2,3]"
"HH1598","(2,3]"
"HH1599","(2,3]"
"HH1600","(2,3]"
"HH1601","(2,3]"
"HH1602","(3,4]"
"HH1603","(2,3]"
"HH1604","(2,3]"
"HH1605","(2,3]"
"HH1606","(2,3]"
"HH1607","(2,3]"
"HH1608","(2,3]"
"HH1609","(2,3]"
"HH1610","(2,3]"
"HH1611","(2,3]"
"HH1612","(2,3]"
"HH1613","(2,3]"
"HH1614","(2,3]"
"HH1615","(2,3]"
"HH1616","(2,3]"
"HH1617","(2,3]"
"HH1618","(2,3]"
"HH1619","(3,4]"
"HH1620","(2,3]"
"HH1621","(2,3]"
"HH1622","(2,3]"
"HH1623","(2,3]"
"HH1624","(2,3]"
"HH1625","(2,3]"
"HH1626","(2,3]"
"HH1627","(2,3]"
"HH1628","(2,3]"
"HH1629","(2,3]"
"HH1630","(2,3]"
"HH1631","(2,3]"
"HH1632","(2,3]"
"HH1633","(2,3]"
"HH1634","(3,4]"
"HH1635","(4,20]"
"HH1636","(2,3]"
"HH1637","(4,20]"
"HH2001","(2,3]"
"HH2002","(4,20]"
"HH2003","(3,4]"
"HH2004","(1,2]"
"HH2005","(0,1]"
"HH2006","(1,2]"
"HH2007","(3,4]"
"HH2008","(3,4]"
"HH2009","(2,3]"
"HH2010","(3,4]"
"HH2011","(0,1]"
"HH2012","(4,20]"
"HH2013","(4,20]"
"HH2014","(4,20]"
"HH2015","(2,3]"
"HH2016","(3,4]"
"HH2017","(3,4]"
"HH2019","(4,20]"
"HH2020","(1,2]"
"HH2021","(3,4]"
"HH2022","(2,3]"
"HH2023","(2,3]"
"HH2024","(3,4]"
"HH2025","(2,3]"
"HH2026","(4,20]"
"HH2028","(2,3]"
"HH2029","(2,3]"
"HH2030","(1,2]"
"HH2031","(1,2]"
"HH2032","(3,4]"
"HH2033","(1,2]"
"HH2034","(1,2]"
"HH2035","(4,20]"
"HH2036","(2,3]"
"HH2037","(2,3]"
"HH2038","(1,2]"
"HH2039","(0,1]"
"HH2040","(3,4]"
"HH2041","(2,3]"
"HH2042","(4,20]"
"HH2043","(4,20]"
"HH2044","(1,2]"
"HH2045","(3,4]"
"HH2046","(4,20]"
"HH2047","(3,4]"
"HH2048","(4,20]"
"HH2049","(2,3]"
"HH2050","(2,3]"
"HH2051","(2,3]"
"HH2052","(1,2]"
"HH2053","(0,1]"
"HH2054","(2,3]"
"HH2055","(4,20]"
"HH2056","(3,4]"
"HH2057","(4,20]"
"HH2058","(0,1]"
"HH2059","(1,2]"
"HH2060","(1,2]"
"HH2061","(2,3]"
"HH2062","(0,1]"
"HH2063","(4,20]"
"HH2064","(1,2]"
"HH2065","(1,2]"
"HH2066","(1,2]"
"HH2067","(2,3]"
"HH2068","(3,4]"
"HH2069","(2,3]"
"HH2070","(2,3]"
"HH2071","(1,2]"
"HH2072","(2,3]"
"HH2073","(4,20]"
"HH2075","(1,2]"
"HH2076","(3,4]"
"HH2077","(2,3]"
"HH2078","(2,3]"
"HH2079","(1,2]"
"HH2080","(1,2]"
"HH2081","(3,4]"
"HH2082","(2,3]"
"HH2083","(2,3]"
"HH2084","(1,2]"
"HH2085","(2,3]"
"HH2086","(1,2]"
"HH2087","(2,3]"
"HH2088","(4,20]"
"HH2089","(1,2]"
"HH2090","(1,2]"
"HH2091","(2,3]"
"HH2092","(4,20]"
"HH2093","(1,2]"
"HH2094","(2,3]"
"HH2095","(1,2]"
"HH2096","(0,1]"
"HH2097","(2,3]"
"HH2098","(2,3]"
"HH2099","(0,1]"
"HH2100","(0,1]"
"HH2101","(2,3]"
"HH2102","(2,3]"
"HH2103","(1,2]"
"HH2104","(1,2]"
"HH2105","(4,20]"
"HH2106","(0,1]"
"HH2107","(0,1]"
"HH2108","(2,3]"
"HH2109","(1,2]"
"HH2110","(0,1]"
"HH2111","(0,1]"
"HH2112","(0,1]"
"HH2113","(0,1]"
"HH2114","(3,4]"
"HH2115","(0,1]"
"HH2116","(2,3]"
"HH2117","(2,3]"
"HH2118","(2,3]"
"HH2119","(3,4]"
"HH2120","(0,1]"
"HH2121","(0,1]"
"HH2122","(2,3]"
"HH2123","(3,4]"
"HH2124","(3,4]"
"HH2125","(0,1]"
"HH2126","(2,3]"
"HH2127","(1,2]"
"HH2128","(2,3]"
"HH2129","(1,2]"
"HH2130","(0,1]"
"HH2131","(0,1]"
"HH2132","(2,3]"
"HH2133","(0,1]"
"HH2134","(0,1]"
"HH2135","(3,4]"
"HH2136","(1,2]"
"HH2137","(2,3]"
"HH2138","(2,3]"
"HH2139","(3,4]"
"HH2140","(0,1]"
"HH2141","(4,20]"
"HH2142","(2,3]"
"HH2143","(1,2]"
"HH2144","(2,3]"
"HH2145","(1,2]"
"HH2146","(2,3]"
"HH2147","(2,3]"
"HH2148","(1,2]"
"HH2149","(3,4]"
"HH2150","(2,3]"
"HH2151","(1,2]"
"HH2152","(4,20]"
"HH2153","(3,4]"
"HH2154","(2,3]"
"HH2155","(1,2]"
"HH2156","(0,1]"
"HH2157","(1,2]"
"HH2158","(0,1]"
"HH2159","(1,2]"
"HH2160","(2,3]"
"HH2161","(2,3]"
"HH2162","(1,2]"
"HH2163","(2,3]"
"HH2164","(1,2]"
"HH2165","(3,4]"
"HH2166","(2,3]"
"HH2167","(2,3]"
"HH2168","(2,3]"
"HH2169","(2,3]"
"HH2170","(0,1]"
"HH2171","(2,3]"
"HH2172","(1,2]"
"HH2173","(0,1]"
"HH2174","(3,4]"
"HH2175","(3,4]"
"HH2176","(4,20]"
"HH2177","(2,3]"
"HH2178","(1,2]"
"HH2179","(1,2]"
"HH2180","(4,20]"
"HH2181","(1,2]"
"HH2182","(1,2]"
"HH2183","(2,3]"
"HH2184","(4,20]"
"HH2185","(0,1]"
"HH2186","(1,2]"
"HH2187","(0,1]"
"HH2189","(2,3]"
"HH2190","(1,2]"
"HH2191","(2,3]"
"HH2192","(3,4]"
"HH2194","(3,4]"
"HH2195","(0,1]"
"HH2196","(0,1]"
"HH2197","(4,20]"
"HH2198","(2,3]"
"HH2199","(2,3]"
"HH2200","(0,1]"
"HH2201","(3,4]"
"HH2202","(2,3]"
"HH2203","(0,1]"
"HH2204","(0,1]"
"HH2205","(2,3]"
"HH2206","(4,20]"
"HH2207","(2,3]"
"HH2208","(1,2]"
"HH2209","(1,2]"
"HH2210","(2,3]"
"HH2211","(1,2]"
"HH2212","(1,2]"
"HH2213","(0,1]"
"HH2214","(4,20]"
"HH2215","(4,20]"
"HH2216","(3,4]"
"HH2217","(3,4]"
"HH2218","(2,3]"
"HH2219","(1,2]"
"HH2220","(1,2]"
"HH2221","(2,3]"
"HH2222","(2,3]"
"HH2223","(2,3]"
"HH2224","(2,3]"
"HH2225","(2,3]"
"HH2226","(1,2]"
"HH2227","(0,1]"
"HH2228","(2,3]"
"HH2229","(3,4]"
"HH2230","(2,3]"
"HH2231","(3,4]"
"HH2232","(2,3]"
"HH2233","(2,3]"
"HH2234","(4,20]"
"HH2235","(2,3]"
"HH2236","(2,3]"
"HH2237","(2,3]"
"HH2238","(1,2]"
"HH2239","(3,4]"
"HH2240","(0,1]"
"HH2241","(3,4]"
"HH2242","(2,3]"
"HH2243","(1,2]"
"HH2244","(2,3]"
"HH2245","(2,3]"
"HH2246","(2,3]"
"HH2247","(2,3]"
"HH2248","(2,3]"
"HH2249","(2,3]"
"HH2250","(2,3]"
"HH2251","(4,20]"
"HH2252","(2,3]"
"HH2253","(3,4]"
"HH2254","(1,2]"
"HH2255","(3,4]"
"HH2256","(1,2]"
"HH2257","(1,2]"
"HH2258","(3,4]"
"HH2259","(2,3]"
"HH2260","(2,3]"
"HH2261","(0,1]"
"HH2262","(0,1]"
"HH2263","(2,3]"
"HH2264","(1,2]"
"HH2265","(0,1]"
"HH2266","(0,1]"
"HH2267","(2,3]"
"HH2268","(3,4]"
"HH2269","(3,4]"
"HH2270","(1,2]"
"HH2271","(3,4]"
"HH2272","(0,1]"
"HH2273","(1,2]"
"HH2274","(2,3]"
"HH2275","(4,20]"
"HH2276","(2,3]"
"HH2277","(3,4]"
"HH2278","(4,20]"
"HH2279","(2,3]"
"HH2280","(0,1]"
"HH2281","(2,3]"
"HH2282","(4,20]"
"HH2283","(2,3]"
"HH2284","(1,2]"
"HH2285","(4,20]"
"HH2286","(1,2]"
"HH2287","(1,2]"
"HH2288","(2,3]"
"HH2289","(2,3]"
"HH2290","(0,1]"
"HH2291","(2,3]"
"HH2292","(1,2]"
"HH2293","(4,20]"
"HH2294","(1,2]"
"HH2295","(2,3]"
"HH2296","(2,3]"
"HH2297","(1,2]"
"HH2298","(4,20]"
"HH2299","(3,4]"
"HH2300","(0,1]"
"HH2301","(2,3]"
"HH2302","(4,20]"
"HH2303","(2,3]"
"HH2304","(2,3]"
"HH2305","(1,2]"
"HH2306","(4,20]"
"HH2307","(2,3]"
"HH2308","(3,4]"
"HH2309","(2,3]"
"HH2310","(2,3]"
"HH2311","(4,20]"
"HH2312","(2,3]"
"HH2313","(0,1]"
"HH2314","(2,3]"
"HH2315","(2,3]"
"HH2316","(1,2]"
"HH2317","(0,1]"
"HH2318","(3,4]"
"HH2319","(3,4]"
"HH2320","(2,3]"
"HH2321","(2,3]"
"HH2322","(2,3]"
"HH2323","(1,2]"
"HH2324","(4,20]"
"HH2325","(1,2]"
"HH2326","(2,3]"
"HH2327","(1,2]"
"HH2328","(1,2]"
"HH2329","(0,1]"
"HH2330","(4,20]"
"HH2331","(3,4]"
"HH2332","(1,2]"
"HH2333","(4,20]"
"HH2334","(2,3]"
"HH2335","(2,3]"
"HH2336","(1,2]"
"HH2337","(2,3]"
"HH2338","(2,3]"
"HH2339","(2,3]"
"HH2340","(3,4]"
"HH2341","(2,3]"
"HH2342","(1,2]"
"HH2343","(1,2]"
"HH2344","(1,2]"
"HH2345","(2,3]"
"HH2346","(3,4]"
"HH2347","(0,1]"
"HH2348","(1,2]"
"HH2349","(4,20]"
"HH2350","(2,3]"
"HH2351","(4,20]"
"HH2352","(1,2]"
"HH2353","(1,2]"
"HH2354","(1,2]"
"HH2355","(0,1]"
"HH2356","(4,20]"
"HH2357","(2,3]"
"HH2358","(1,2]"
"HH2359","(4,20]"
"HH2360","(2,3]"
"HH2361","(2,3]"
"HH2362","(4,20]"
"HH2363","(2,3]"
"HH2364","(3,4]"
"HH2365","(0,1]"
"HH2366","(2,3]"
"HH2367","(4,20]"
"HH2368","(3,4]"
"HH2369","(0,1]"
"HH2370","(0,1]"
"HH2371","(2,3]"
"HH2372","(2,3]"
"HH2373","(1,2]"
"HH2374","(2,3]"
"HH2375","(4,20]"
"HH2376","(1,2]"
"HH2377","(1,2]"
"HH2378","(1,2]"
"HH2379","(1,2]"
"HH2380","(2,3]"
"HH2381","(0,1]"
"HH2382","(1,2]"
"HH2383","(1,2]"
"HH2384","(1,2]"
"HH2385","(1,2]"
"HH2386","(3,4]"
"HH2387","(1,2]"
"HH2388","(1,2]"
"HH2389","(2,3]"
"HH2390","(2,3]"
"HH2391","(2,3]"
"HH2392","(4,20]"
"HH2393","(1,2]"
"HH2394","(4,20]"
"HH2395","(1,2]"
"HH2396","(2,3]"
"HH2397","(2,3]"
"HH2398","(1,2]"
"HH2399","(0,1]"
"HH2400","(1,2]"
"HH2401","(3,4]"
"HH2402","(3,4]"
"HH2403","(1,2]"
"HH2404","(3,4]"
"HH2405","(1,2]"
"HH2406","(3,4]"
"HH2407","(1,2]"
"HH2408","(4,20]"
"HH2409","(2,3]"
"HH2410","(1,2]"
"HH2411","(4,20]"
"HH2412","(4,20]"
"HH2413","(1,2]"
"HH2414","(1,2]"
"HH2415","(2,3]"
"HH2416","(0,1]"
"HH2417","(0,1]"
"HH2418","(1,2]"
"HH2419","(4,20]"
"HH2420","(2,3]"
"HH2421","(1,2]"
"HH2422","(3,4]"
"HH2423","(2,3]"
"HH2424","(3,4]"
"HH2425","(2,3]"
"HH2426","(3,4]"
"HH2427","(3,4]"
"HH2428","(2,3]"
"HH2429","(2,3]"
"HH2430","(2,3]"
"HH2431","(2,3]"
"HH2432","(2,3]"
"HH2433","(2,3]"
"HH2434","(3,4]"
"HH2435","(2,3]"
"HH2436","(0,1]"
"HH2437","(4,20]"
"HH2438","(2,3]"
"HH2439","(3,4]"
"HH2440","(3,4]"
"HH2441","(2,3]"
"HH2442","(1,2]"
"HH2443","(2,3]"
"HH2444","(1,2]"
"HH2445","(3,4]"
"HH2446","(1,2]"
"HH2447","(1,2]"
"HH2448","(2,3]"
"HH2449","(1,2]"
"HH2450","(2,3]"
"HH2451","(2,3]"
"HH2452","(2,3]"
"HH2453","(4,20]"
"HH2454","(2,3]"
"HH2455","(1,2]"
"HH2456","(4,20]"
"HH2457","(4,20]"
"HH2458","(3,4]"
"HH2459","(2,3]"
"HH2460","(1,2]"
"HH2461","(2,3]"
"HH2462","(2,3]"
"HH2463","(2,3]"
"HH2464","(4,20]"
"HH2465","(4,20]"
"HH2466","(2,3]"
"HH2467","(2,3]"
"HH2469","(2,3]"
"HH2470","(2,3]"
"HH2471","(4,20]"
"HH2472","(2,3]"
"HH2473","(2,3]"
"HH2474","(4,20]"
"HH2475","(1,2]"
"HH2476","(1,2]"
"HH2477","(2,3]"
"HH2478","(4,20]"
"HH2479","(2,3]"
"HH2480","(3,4]"
"HH2481","(2,3]"
"HH2482","(1,2]"
"HH2483","(1,2]"
"HH2484","(1,2]"
"HH2485","(1,2]"
"HH2486","(2,3]"
"HH2487","(1,2]"
"HH2488","(3,4]"
"HH2489","(3,4]"
"HH2490","(1,2]"
"HH2491","(1,2]"
"HH2492","(0,1]"
"HH2493","(1,2]"
"HH2494","(1,2]"
"HH2495","(2,3]"
"HH2496","(1,2]"
"HH2497","(2,3]"
"HH2498","(0,1]"
"HH2499","(1,2]"
"HH2500","(1,2]"
"HH2501","(2,3]"
"HH2502","(2,3]"
"HH2503","(3,4]"
"HH2504","(2,3]"
"HH2505","(2,3]"
"HH2506","(3,4]"
"HH2507","(2,3]"
"HH2508","(3,4]"
"HH2509","(2,3]"
"HH2510","(2,3]"
"HH2511","(2,3]"
"HH2512","(2,3]"
"HH2513","(2,3]"
"HH2514","(2,3]"
"HH2515","(2,3]"
"HH2516","(1,2]"
"HH2517","(2,3]"
"HH2518","(2,3]"
"HH2519","(1,2]"
"HH2520","(3,4]"
"HH2521","(1,2]"
"HH2522","(2,3]"
"HH2523","(2,3]"
"HH2524","(2,3]"
"HH2525","(1,2]"
"HH2526","(2,3]"
"HH2527","(2,3]"
"HH2528","(2,3]"
"HH2529","(2,3]"
"HH2530","(2,3]"
"HH2531","(4,20]"
"HH2532","(2,3]"
"HH2533","(1,2]"
"HH2534","(1,2]"
"HH2535","(2,3]"
"HH2536","(3,4]"
"HH2537","(2,3]"
"HH2538","(2,3]"
"HH2539","(3,4]"
"HH2540","(1,2]"
"HH2541","(2,3]"
"HH2542","(3,4]"
"HH2543","(2,3]"
"HH2544","(3,4]"
"HH2545","(2,3]"
"HH2546","(2,3]"
"HH2547","(2,3]"
"HH2548","(2,3]"
"HH2549","(2,3]"
"HH2550","(2,3]"
"HH2551","(2,3]"
"HH2552","(2,3]"
"HH2553","(2,3]"
"HH2554","(2,3]"
"HH2555","(2,3]"
"HH2556","(1,2]"
"HH2557","(1,2]"
"HH2558","(2,3]"
"HH2559","(3,4]"
"HH2560","(2,3]"
"HH2561","(1,2]"
"HH2562","(2,3]"
"HH2563","(2,3]"
